{
  "num_buses": 33,
  "volt_sens_scalar": 1.5e-05,
  "line_impedances": [
    0.045632255577314075,
    0.05704399952607949,
    0.05146586869661138,
    0.05532739674082846,
    0.04606544582228566,
    0.044863604391525286,
    0.06555663669533521,
    0.05214508906462995,
    0.05876792760907774,
    0.048137106907710996,
    0.04745144374318463,
    0.0535642472733277,
    0.04568703932405292,
    0.04764108597633538,
    0.052409507993171116,
    0.0670488282630259,
    0.04298831608065822,
    0.05083105943650076,
    0.04846508772954642,
    0.05481217306170401,
    0.049006250748374676,
    0.06486552972265153,
    0.05272574728901066,
    0.04595509928834923,
    0.06530973383687978,
    0.04702699886472475,
    0.04527908919824135,
    0.04997212975433441,
    0.04945302678696209,
    0.0521693985898214,
    0.05414524347443736,
    0.05024641790627487
  ]
}